{"stats":{"minecraft:mined":{"minecraft:grass":7,"biomesoplenty:clover":11,"biomesoplenty:sprout":1,"minecraft:oak_leaves":1},"minecraft:custom":{"minecraft:jump":59,"minecraft:time_since_rest":1926,"minecraft:damage_dealt":15,"minecraft:crouch_one_cm":1778,"minecraft:leave_game":1,"minecraft:sprint_one_cm":4829,"minecraft:play_time":1926,"minecraft:time_since_death":1926,"minecraft:walk_one_cm":5783,"minecraft:sneak_time":221,"minecraft:total_world_time":1926,"minecraft:fall_one_cm":836,"minecraft:fly_one_cm":17555},"minecraft:picked_up":{"minecraft:oak_sapling":6},"minecraft:used":{"minecraft:oak_sapling":6}},"DataVersion":3465}