{"stats":{"minecraft:mined":{"minecraft:grass":9,"biomesoplenty:clover":11,"biomesoplenty:flowering_oak_leaves":1,"biomesoplenty:sprout":2,"minecraft:oak_leaves":1},"minecraft:custom":{"minecraft:time_since_rest":4172,"minecraft:crouch_one_cm":1899,"minecraft:sprint_one_cm":17343,"minecraft:play_time":4172,"minecraft:damage_taken":60,"minecraft:walk_one_cm":8671,"minecraft:sneak_time":299,"minecraft:drop":1,"minecraft:jump":184,"minecraft:damage_dealt":75,"minecraft:leave_game":2,"minecraft:time_since_death":4172,"minecraft:total_world_time":4172,"minecraft:fall_one_cm":3379,"minecraft:fly_one_cm":53812},"minecraft:picked_up":{"biomesoplenty:flowering_oak_sapling":1,"minecraft:stick":1,"minecraft:apple":1,"minecraft:oak_sapling":7},"minecraft:used":{"minecraft:apple":1,"minecraft:oak_sapling":7,"biomesoplenty:flowering_oak_sapling":1},"minecraft:dropped":{"minecraft:stick":1}},"DataVersion":3465}