{"stats":{"minecraft:killed":{"minecraft:husk":1,"duneons:wraith":1,"minecraft:skeleton":1,"minecraft:zombie":14,"alexsmobs:fly":1},"minecraft:broken":{"minecraft:wooden_axe":1},"minecraft:mined":{"duneons:bigferncreeperwoods":2,"duneons:highlandgoldwood":3,"duneons:exitwood":1,"minecraft:crafting_table":1,"minecraft:grass_block":1,"duneons:highlandtallgrass":14,"minecraft:chest":1,"duneons:highlandgrass":1,"duneons:standfortorchgold":1,"duneons:fishbox":1,"duneons:windorangebannertop":1,"duneons:highlandfern":8,"duneons:creeperwoodstallgrass":2,"duneons:flowerpatch":1,"minecraft:oak_log":40,"duneons:highlandberrybushempty":7,"duneons:highlandlog":20,"duneons:outpostblueplanks":2,"minecraft:stone":6,"minecraft:oak_leaves":3},"minecraft:picked_up":{"minecraft:crafting_table":2,"duneons:outpostblueplanks":2,"duneons:exitwood":1,"minecraft:oak_log":40,"minecraft:dirt":4,"duneons:windorangebannertop":1,"minecraft:bone":1,"minecraft:apple":1,"minecraft:chest":1,"duneons:fishbox":1,"duneons:highlandgoldwood":3,"duneons:highlandberrybushempty":6,"duneons:highlandlog":18,"minecraft:stick":9,"duneons:highlandfern":6,"tombstone:grave_dust":1,"duneons:standfortorchgold":1,"alexsmobs:animal_dictionary":1,"minecraft:arrow":2,"minecraft:rotten_flesh":10,"duneons:minecartgift":6,"alexsmobs:maggot":2,"minecraft:oak_sapling":18,"psychadelic:chemistrybook":1,"minecraft:cobblestone":6},"minecraft:custom":{"minecraft:mob_kills":18,"minecraft:interact_with_crafting_table":9,"minecraft:leave_game":6,"minecraft:time_since_death":5090,"minecraft:time_since_rest":4719,"minecraft:sprint_one_cm":17750,"minecraft:damage_taken":1205,"minecraft:walk_one_cm":41282,"minecraft:drop":7,"minecraft:damage_dealt":3525,"minecraft:swim_one_cm":543,"minecraft:fly_one_cm":73205,"minecraft:open_chest":5,"minecraft:crouch_one_cm":1042,"minecraft:play_time":21694,"tombstone:undead_killed":16,"minecraft:deaths":4,"minecraft:sneak_time":442,"minecraft:walk_under_water_one_cm":95,"minecraft:jump":419,"minecraft:walk_on_water_one_cm":301,"minecraft:total_world_time":21694,"minecraft:fall_one_cm":9561},"minecraft:used":{"minecraft:stone_sword":42,"minecraft:oak_planks":32,"duneons:highlandlog":2,"minecraft:chest":1,"minecraft:wooden_pickaxe":9,"minecraft:rotten_flesh":4,"minecraft:crafting_table":5,"duneons:highlandberrybushempty":2,"minecraft:oak_log":1,"minecraft:wooden_axe":79,"alexsmobs:maggot":2,"minecraft:apple":1,"minecraft:bread":1,"tombstone:grave_key":1,"duneons:minecartgift":6,"duneons:standfortorchgold":1,"minecraft:wooden_sword":37,"tombstone:gift":3,"duneons:exitwood":1,"alexsmobs:animal_dictionary":1},"minecraft:crafted":{"minecraft:wooden_sword":1,"minecraft:oak_planks":72,"minecraft:crafting_table":4,"minecraft:wooden_pickaxe":1,"minecraft:stick":8,"minecraft:stone_pickaxe":1,"minecraft:wooden_axe":2,"minecraft:stone_sword":1,"minecraft:chest":1},"minecraft:dropped":{"minecraft:crafting_table":1,"duneons:fishbox":1,"duneons:highlandfern":1,"minecraft:dirt":2,"minecraft:wooden_sword":1,"minecraft:wooden_pickaxe":1},"minecraft:killed_by":{"minecraft:zombie":1,"duneons:wraith":3}},"DataVersion":3465}