{"stats":{"minecraft:killed":{"minecraft:zombie":1},"minecraft:mined":{"minecraft:spruce_log":18,"duneons:highlandfern":1,"minecraft:crafting_table":1,"psychadelic:salviaplant":1,"duneons:highlandtallgrass":1,"minecraft:spruce_leaves":1},"minecraft:picked_up":{"minecraft:stick":6,"minecraft:crafting_table":1,"psychadelic:salvialeaf":2,"duneons:highlandfern":5,"minecraft:spruce_sapling":3,"minecraft:spruce_log":18,"minecraft:rotten_flesh":6},"minecraft:used":{"minecraft:wooden_axe":20,"minecraft:polished_andesite":9,"psychadelic:chemistrybook":1,"minecraft:stone_brick_stairs":15,"minecraft:stone_bricks":2,"minecraft:chiseled_stone_bricks":3,"minecraft:crafting_table":1,"tombstone:gift":2,"alexsmobs:animal_dictionary":1},"minecraft:custom":{"minecraft:time_since_rest":6184,"minecraft:sprint_one_cm":26043,"minecraft:damage_taken":1100,"minecraft:walk_one_cm":19409,"minecraft:mob_kills":1,"minecraft:drop":1,"minecraft:damage_dealt":353,"minecraft:swim_one_cm":209,"minecraft:interact_with_crafting_table":1,"minecraft:fly_one_cm":1790591,"minecraft:crouch_one_cm":1693,"minecraft:play_time":155240,"tombstone:undead_killed":1,"minecraft:deaths":5,"minecraft:walk_under_water_one_cm":2021,"minecraft:sneak_time":5414,"minecraft:jump":342,"minecraft:time_since_death":6814,"minecraft:leave_game":7,"minecraft:walk_on_water_one_cm":2292,"minecraft:total_world_time":155240,"minecraft:fall_one_cm":8198},"minecraft:crafted":{"minecraft:crafting_table":1,"minecraft:spruce_planks":12,"minecraft:stick":4,"minecraft:wooden_axe":1},"minecraft:dropped":{"duneons:highlandfern":1},"minecraft:killed_by":{"minecraft:skeleton":1,"minecraft:zombie":1}},"DataVersion":3465}