{"stats":{"minecraft:picked_up":{"minecraft:jungle_log":5,"minecraft:sand":1,"minecraft:melon_slice":4},"minecraft:used":{"minecraft:sand":1,"minecraft:jungle_planks":20},"minecraft:crafted":{"minecraft:jungle_planks":20},"minecraft:custom":{"minecraft:time_since_rest":2813,"minecraft:play_time":2813,"minecraft:sprint_one_cm":6300,"minecraft:damage_taken":180,"minecraft:walk_one_cm":3098,"minecraft:drop":1,"minecraft:jump":55,"minecraft:leave_game":1,"minecraft:time_since_death":2813,"minecraft:walk_on_water_one_cm":458,"minecraft:total_world_time":2813,"minecraft:climb_one_cm":206,"minecraft:fall_one_cm":3520,"minecraft:fly_one_cm":67726},"minecraft:dropped":{"minecraft:melon_slice":4},"minecraft:mined":{"minecraft:grass":1,"minecraft:melon":1,"minecraft:jungle_log":5,"minecraft:sand":3,"minecraft:jungle_leaves":5}},"DataVersion":3465}