{"stats":{"minecraft:mined":{"mna:wakebloom":1},"minecraft:custom":{"minecraft:jump":38,"minecraft:time_since_rest":2828,"minecraft:damage_dealt":50,"minecraft:walk_on_water_one_cm":726,"minecraft:leave_game":3,"minecraft:play_time":2828,"minecraft:sprint_one_cm":4960,"minecraft:damage_taken":75,"minecraft:time_since_death":2828,"minecraft:walk_one_cm":1737,"minecraft:sneak_time":4,"minecraft:total_world_time":2828,"minecraft:swim_one_cm":3072,"minecraft:fall_one_cm":418,"minecraft:drop":1,"minecraft:fly_one_cm":16588},"minecraft:picked_up":{"minecraft:stick":2},"minecraft:dropped":{"minecraft:stick":2}},"DataVersion":3465}