{"stats":{"minecraft:killed":{"mowziesmobs:lantern":1},"minecraft:crafted":{"minecraft:jungle_planks":20},"minecraft:custom":{"minecraft:time_since_rest":1822,"minecraft:sprint_one_cm":7562,"minecraft:play_time":5548,"minecraft:deaths":1,"minecraft:damage_taken":180,"minecraft:walk_one_cm":4654,"minecraft:sneak_time":47,"minecraft:walk_under_water_one_cm":797,"minecraft:mob_kills":1,"minecraft:drop":2,"minecraft:jump":72,"minecraft:damage_dealt":274,"minecraft:leave_game":2,"minecraft:walk_on_water_one_cm":612,"minecraft:time_since_death":2200,"minecraft:climb_one_cm":206,"minecraft:total_world_time":5548,"minecraft:fall_one_cm":3520,"minecraft:fly_one_cm":176899},"minecraft:dropped":{"tombstone:grave_dust":1,"minecraft:melon_slice":4},"minecraft:picked_up":{"minecraft:jungle_log":5,"minecraft:sand":1,"minecraft:melon_slice":4},"minecraft:mined":{"minecraft:grass":1,"minecraft:melon":1,"minecraft:jungle_log":5,"minecraft:sand":3,"minecraft:jungle_leaves":5},"minecraft:used":{"minecraft:sand":1,"minecraft:jungle_planks":20,"tombstone:gift":2}},"DataVersion":3465}