{
  "minecraft:recipes/decorations/crafting_table": {
    "criteria": {
      "unlock_right_away": "2024-06-11 20:47:52 +0000"
    },
    "done": true
  },
  "mowziesmobs:root": {
    "criteria": {
      "custom_test_name": "2024-06-11 20:47:52 +0000"
    },
    "done": true
  },
  "biomesoplenty:biomesoplenty/root": {
    "criteria": {
      "orchard": "2024-06-11 20:47:54 +0000"
    },
    "done": true
  },
  "tombstone:adventure/root": {
    "criteria": {
      "auto": "2024-06-11 20:47:54 +0000"
    },
    "done": true
  },
  "biomesoplenty:biomesoplenty/all_biomes": {
    "criteria": {
      "orchard": "2024-06-11 20:47:54 +0000"
    },
    "done": false
  },
  "mna:root": {
    "criteria": {
      "get_vinteum": "2024-06-11 20:48:23 +0000"
    },
    "done": true
  },
  "farmersdelight:main/root": {
    "criteria": {
      "seeds": "2024-06-11 20:48:23 +0000"
    },
    "done": true
  },
  "minecraft:recipes/misc/crafting_table": {
    "criteria": {
      "has_the_recipe": "2024-06-11 20:47:52 +0000"
    },
    "done": true
  },
  "DataVersion": 3465
}