{
  "minecraft:recipes/decorations/crafting_table": {
    "criteria": {
      "unlock_right_away": "2024-06-11 20:08:44 +0200"
    },
    "done": true
  },
  "mowziesmobs:root": {
    "criteria": {
      "custom_test_name": "2024-06-11 20:08:44 +0200"
    },
    "done": true
  },
  "biomesoplenty:biomesoplenty/root": {
    "criteria": {
      "lush_desert": "2024-06-11 20:09:16 +0200"
    },
    "done": true
  },
  "tombstone:adventure/root": {
    "criteria": {
      "auto": "2024-06-11 20:09:16 +0200"
    },
    "done": true
  },
  "biomesoplenty:biomesoplenty/all_biomes": {
    "criteria": {
      "lush_desert": "2024-06-11 20:09:16 +0200"
    },
    "done": false
  },
  "minecraft:recipes/misc/crafting_table": {
    "criteria": {
      "has_the_recipe": "2024-06-11 20:08:44 +0200"
    },
    "done": true
  },
  "DataVersion": 3465
}